orthogroup,category,n_species,total_genes,expansion_type,human,mouse,zebrafish,frog,fly,worm
OG0000000,Vertebrate-shared,4,19,Large (>5),6,5,4,4,0,0
OG0000001,Mammal-shared,5,15,Large (>5),6,5,0,1,2,1
OG0000002,Vertebrate-shared,5,15,Medium (3-5),4,4,1,4,2,0
OG0000003,Mammal-shared,4,13,Medium (3-5),5,4,0,0,3,1
OG0000004,All-6-shared,6,13,Large (>5),7,2,1,1,1,1
OG0000005,Vertebrate-shared,5,13,Medium (3-5),4,4,3,1,1,0
OG0000006,Vertebrate-shared,5,13,Medium (3-5),4,3,2,1,3,0
OG0000007,All-6-shared,6,12,Medium (3-5),4,4,1,1,1,1
OG0000008,All-6-shared,6,12,Large (>5),6,2,1,1,1,1
OG0000009,All-6-shared,6,11,Medium (3-5),3,3,1,1,2,1
OG0000010,Vertebrate-shared,5,10,Medium (3-5),3,3,2,1,0,1
OG0000011,Mammal-shared,4,10,Medium (3-5),3,3,0,0,1,3
OG0000012,Mammal-shared,5,10,Medium (3-5),3,2,0,1,3,1
OG0000013,All-6-shared,6,10,Medium (3-5),3,3,1,1,1,1
OG0000014,Vertebrate-shared,5,10,Medium (3-5),3,3,1,2,1,0
OG0000015,Vertebrate-shared,5,10,Medium (3-5),3,3,2,1,1,0
OG0000016,Vertebrate-shared,4,10,Large (>5),2,6,1,1,0,0
OG0000017,Human-only,1,10,Large (>5),10,0,0,0,0,0
OG0000018,Mammal-shared,5,9,Medium (3-5),3,2,1,0,1,2
OG0000019,All-6-shared,6,9,Medium (3-5),1,1,3,1,2,1
OG0000020,All-6-shared,6,9,Small (≤2),2,2,2,1,1,1
OG0000021,Mammal-shared,4,9,Medium (3-5),4,1,0,0,2,2
OG0000022,Mammal-shared,2,9,Large (>5),3,6,0,0,0,0
OG0000023,Human-only,1,9,Large (>5),9,0,0,0,0,0
OG0000024,Mammal-shared,4,8,Medium (3-5),2,3,0,0,2,1
OG0000025,All-6-shared,6,8,Small (≤2),2,2,1,1,1,1
OG0000026,Mammal-shared,4,8,Medium (3-5),2,2,0,0,3,1
OG0000027,Mammal-shared,4,8,Small (≤2),2,2,0,0,2,2
OG0000028,Vertebrate-shared,5,8,Small (≤2),2,2,2,1,0,1
OG0000029,All-6-shared,6,8,Medium (3-5),3,1,1,1,1,1
OG0000030,Mammal-shared,5,8,Small (≤2),2,2,0,1,1,2
OG0000031,Mammal-shared,4,8,Medium (3-5),3,3,1,0,1,0
OG0000032,Mammal-shared,3,8,Medium (3-5),3,3,2,0,0,0
OG0000033,Vertebrate-shared,5,8,Small (≤2),2,2,2,1,1,0
OG0000034,Vertebrate-shared,4,8,Medium (3-5),3,3,1,1,0,0
OG0000035,Mammal-shared,4,8,Medium (3-5),3,3,1,0,1,0
OG0000036,Mammal-shared,2,8,Medium (3-5),4,4,0,0,0,0
OG0000037,Mammal-shared,5,7,Small (≤2),1,1,2,0,1,2
OG0000038,Mammal-shared,5,7,Small (≤2),2,2,1,0,1,1
OG0000039,All-6-shared,6,7,Small (≤2),1,1,1,1,2,1
OG0000040,Vertebrate-shared,5,7,Small (≤2),2,2,1,1,0,1
OG0000041,All-6-shared,6,7,Small (≤2),1,1,1,1,2,1
OG0000042,All-6-shared,6,7,Small (≤2),1,1,1,1,2,1
OG0000043,Vertebrate-shared,5,7,Small (≤2),2,2,1,1,0,1
OG0000044,Mammal-shared,5,7,Small (≤2),2,2,1,0,1,1
OG0000045,Vertebrate-shared,5,7,Small (≤2),2,2,1,1,0,1
OG0000046,All-6-shared,6,7,Small (≤2),1,1,1,1,2,1
OG0000047,Vertebrate-shared,5,7,Small (≤2),2,2,1,1,0,1
OG0000048,Vertebrate-shared,5,7,Small (≤2),2,2,1,1,0,1
OG0000049,All-6-shared,6,7,Small (≤2),1,1,1,2,1,1
OG0000050,Vertebrate-shared,5,7,Small (≤2),2,2,1,1,1,0
OG0000051,Vertebrate-shared,4,7,Small (≤2),2,2,1,2,0,0
OG0000052,Vertebrate-shared,5,7,Small (≤2),2,2,1,1,1,0
OG0000053,Mammal-shared,3,7,Medium (3-5),3,3,0,0,1,0
OG0000054,Mammal-shared,3,7,Medium (3-5),3,3,0,1,0,0
OG0000055,Mammal-shared,2,7,Medium (3-5),4,3,0,0,0,0
OG0000056,Mammal-shared,2,7,Medium (3-5),4,3,0,0,0,0
OG0000057,All-6-shared,6,6,1:1:1 (single-copy),1,1,1,1,1,1
OG0000058,All-6-shared,6,6,1:1:1 (single-copy),1,1,1,1,1,1
OG0000059,All-6-shared,6,6,1:1:1 (single-copy),1,1,1,1,1,1
OG0000060,Mammal-shared,4,6,Small (≤2),2,2,0,0,1,1
OG0000061,All-6-shared,6,6,1:1:1 (single-copy),1,1,1,1,1,1
OG0000062,Mammal-shared,4,6,Medium (3-5),3,1,0,0,1,1
OG0000063,All-6-shared,6,6,1:1:1 (single-copy),1,1,1,1,1,1
OG0000064,All-6-shared,6,6,1:1:1 (single-copy),1,1,1,1,1,1
OG0000065,Mammal-shared,4,6,Small (≤2),2,2,0,0,1,1
OG0000066,All-6-shared,6,6,1:1:1 (single-copy),1,1,1,1,1,1
OG0000067,All-6-shared,6,6,1:1:1 (single-copy),1,1,1,1,1,1
OG0000068,All-6-shared,6,6,1:1:1 (single-copy),1,1,1,1,1,1
OG0000069,All-6-shared,6,6,1:1:1 (single-copy),1,1,1,1,1,1
OG0000070,All-6-shared,6,6,1:1:1 (single-copy),1,1,1,1,1,1
OG0000071,All-6-shared,6,6,1:1:1 (single-copy),1,1,1,1,1,1
OG0000072,Mammal-shared,4,6,Small (≤2),2,2,1,0,1,0
OG0000073,Vertebrate-shared,4,6,Small (≤2),2,2,1,1,0,0
OG0000074,Mammal-shared,4,6,Small (≤2),2,2,1,0,1,0
OG0000075,Vertebrate-shared,4,6,Small (≤2),2,2,1,1,0,0
OG0000076,Vertebrate-shared,5,6,Small (≤2),1,1,2,1,1,0
OG0000077,Mammal-shared,3,6,Small (≤2),2,2,0,0,2,0
OG0000078,Mammal-shared,3,6,Medium (3-5),3,2,0,0,1,0
OG0000079,Mammal-shared,3,6,Medium (3-5),3,2,0,0,1,0
OG0000080,Mammal-shared,2,6,Medium (3-5),5,1,0,0,0,0
OG0000081,Mammal-shared,2,6,Medium (3-5),3,3,0,0,0,0
OG0000082,Mammal-shared,2,6,Medium (3-5),3,3,0,0,0,0
OG0000083,Mammal-shared,3,6,Medium (3-5),3,2,0,1,0,0
OG0000084,Other,1,5,Medium (3-5),0,0,0,0,0,5
OG0000085,Mammal-shared,4,5,Small (≤2),2,1,0,0,1,1
OG0000086,Mammal-shared,3,5,Small (≤2),2,2,0,0,0,1
OG0000087,Mammal-shared,3,5,Small (≤2),2,2,0,0,0,1
OG0000088,Mammal-shared,5,5,1:1:1 (single-copy),1,1,0,1,1,1
OG0000089,Mammal-shared,3,5,Small (≤2),2,2,0,0,0,1
OG0000090,Vertebrate-shared,5,5,1:1:1 (single-copy),1,1,1,1,0,1
OG0000091,Mammal-shared,4,5,Small (≤2),2,1,0,0,1,1
OG0000092,Mammal-shared,5,5,1:1:1 (single-copy),1,1,1,0,1,1
OG0000093,Vertebrate-shared,5,5,1:1:1 (single-copy),1,1,1,1,0,1
OG0000094,Mammal-shared,3,5,Small (≤2),2,2,0,0,0,1
OG0000095,Mammal-shared,4,5,Small (≤2),2,1,0,0,1,1
OG0000096,Mammal-shared,3,5,Small (≤2),2,2,0,0,0,1
OG0000097,Mammal-shared,5,5,1:1:1 (single-copy),1,1,1,0,1,1
OG0000098,Mammal-shared,5,5,1:1:1 (single-copy),1,1,1,0,1,1
OG0000099,Mammal-shared,5,5,1:1:1 (single-copy),1,1,1,0,1,1
OG0000100,Mammal-shared,5,5,1:1:1 (single-copy),1,1,1,0,1,1
OG0000101,Mammal-shared,5,5,1:1:1 (single-copy),1,1,0,1,1,1
OG0000102,Mammal-shared,5,5,1:1:1 (single-copy),1,1,1,0,1,1
OG0000103,Mammal-shared,4,5,Small (≤2),1,1,0,0,1,2
OG0000104,Mammal-shared,3,5,Small (≤2),2,2,0,0,0,1
OG0000105,Mammal-shared,4,5,Small (≤2),2,1,0,0,1,1
OG0000106,Mammal-shared,5,5,1:1:1 (single-copy),1,1,1,0,1,1
OG0000107,Mammal-shared,4,5,Small (≤2),1,1,0,0,2,1
OG0000108,Mammal-shared,5,5,1:1:1 (single-copy),1,1,1,0,1,1
OG0000109,Mammal-shared,5,5,1:1:1 (single-copy),1,1,0,1,1,1
OG0000110,Mammal-shared,3,5,Medium (3-5),3,1,1,0,0,0
OG0000111,Mammal-shared,3,5,Small (≤2),2,2,1,0,0,0
OG0000112,Vertebrate-shared,4,5,Small (≤2),1,1,2,1,0,0
OG0000113,Mammal-shared,3,5,Small (≤2),1,2,2,0,0,0
OG0000114,Vertebrate-shared,5,5,1:1:1 (single-copy),1,1,1,1,1,0
OG0000115,Vertebrate-shared,5,5,1:1:1 (single-copy),1,1,1,1,1,0
OG0000116,Mammal-shared,3,5,Small (≤2),2,2,0,0,1,0
OG0000117,Mammal-shared,3,5,Small (≤2),2,2,0,0,1,0
OG0000118,Mammal-shared,3,5,Small (≤2),2,2,0,0,1,0
OG0000119,Mammal-shared,3,5,Small (≤2),2,2,0,0,1,0
OG0000120,Mammal-shared,3,5,Small (≤2),2,2,0,0,1,0
OG0000121,Mammal-shared,3,5,Small (≤2),2,2,0,0,1,0
OG0000122,Mammal-shared,3,5,Small (≤2),2,2,0,0,1,0
OG0000123,Mammal-shared,3,5,Small (≤2),1,2,0,0,2,0
OG0000124,Mammal-shared,3,5,Small (≤2),2,2,0,0,1,0
OG0000125,Mammal-shared,3,5,Small (≤2),2,2,0,0,1,0
OG0000126,Mammal-shared,2,5,Medium (3-5),3,2,0,0,0,0
OG0000127,Mammal-shared,2,5,Medium (3-5),4,1,0,0,0,0
OG0000128,Mammal-shared,3,5,Small (≤2),2,2,0,1,0,0
OG0000129,Mammal-shared,4,4,1:1:1 (single-copy),1,1,0,0,1,1
OG0000130,Mammal-shared,4,4,1:1:1 (single-copy),1,1,0,0,1,1
OG0000131,Other,1,4,Medium (3-5),0,0,0,0,0,4
OG0000132,Mammal-shared,4,4,1:1:1 (single-copy),1,1,1,0,0,1
OG0000133,Mammal-shared,4,4,1:1:1 (single-copy),1,1,0,0,1,1
OG0000134,Mammal-shared,4,4,1:1:1 (single-copy),1,1,0,0,1,1
OG0000135,Mammal-shared,3,4,Small (≤2),2,1,0,0,0,1
OG0000136,Mammal-shared,4,4,1:1:1 (single-copy),1,1,0,1,0,1
OG0000137,Mammal-shared,4,4,1:1:1 (single-copy),1,1,0,0,1,1
OG0000138,Mammal-shared,4,4,1:1:1 (single-copy),1,1,0,0,1,1
OG0000139,Mammal-shared,4,4,1:1:1 (single-copy),1,1,1,0,0,1
OG0000140,Mammal-shared,4,4,1:1:1 (single-copy),1,1,0,0,1,1
OG0000141,Mammal-shared,4,4,1:1:1 (single-copy),1,1,0,0,1,1
OG0000142,Mammal-shared,4,4,1:1:1 (single-copy),1,1,0,0,1,1
OG0000143,Mammal-shared,4,4,1:1:1 (single-copy),1,1,0,0,1,1
OG0000144,Mammal-shared,4,4,1:1:1 (single-copy),1,1,0,0,1,1
OG0000145,Mammal-shared,4,4,1:1:1 (single-copy),1,1,0,0,1,1
OG0000146,Mammal-shared,4,4,1:1:1 (single-copy),1,1,0,0,1,1
OG0000147,Mammal-shared,4,4,1:1:1 (single-copy),1,1,0,0,1,1
OG0000148,Mammal-shared,4,4,1:1:1 (single-copy),1,1,0,0,1,1
OG0000149,Mammal-shared,4,4,1:1:1 (single-copy),1,1,0,0,1,1
OG0000150,Mammal-shared,4,4,1:1:1 (single-copy),1,1,0,0,1,1
OG0000151,Mammal-shared,4,4,1:1:1 (single-copy),1,1,0,0,1,1
OG0000152,Mammal-shared,4,4,1:1:1 (single-copy),1,1,0,0,1,1
OG0000153,Mammal-shared,4,4,1:1:1 (single-copy),1,1,0,0,1,1
OG0000154,Mammal-shared,4,4,1:1:1 (single-copy),1,1,0,0,1,1
OG0000155,Mammal-shared,3,4,Small (≤2),1,1,0,0,0,2
OG0000156,Mammal-shared,4,4,1:1:1 (single-copy),1,1,0,0,1,1
OG0000157,Mammal-shared,4,4,1:1:1 (single-copy),1,1,0,0,1,1
OG0000158,Mammal-shared,3,4,Small (≤2),2,1,1,0,0,0
OG0000159,Mammal-shared,3,4,Small (≤2),1,2,1,0,0,0
OG0000160,Mammal-shared,4,4,1:1:1 (single-copy),1,1,1,0,1,0
OG0000161,Vertebrate-shared,4,4,1:1:1 (single-copy),1,1,1,1,0,0
OG0000162,Vertebrate-shared,4,4,1:1:1 (single-copy),1,1,1,1,0,0
OG0000163,Other,2,4,Small (≤2),2,0,2,0,0,0
OG0000164,Mammal-shared,4,4,1:1:1 (single-copy),1,1,1,0,1,0
OG0000165,Vertebrate-shared,4,4,1:1:1 (single-copy),1,1,1,1,0,0
OG0000166,Vertebrate-shared,4,4,1:1:1 (single-copy),1,1,1,1,0,0
OG0000167,Vertebrate-shared,4,4,1:1:1 (single-copy),1,1,1,1,0,0
OG0000168,Vertebrate-shared,4,4,1:1:1 (single-copy),1,1,1,1,0,0
OG0000169,Vertebrate-shared,4,4,1:1:1 (single-copy),1,1,1,1,0,0
OG0000170,Vertebrate-shared,4,4,1:1:1 (single-copy),1,1,1,1,0,0
OG0000171,Mammal-shared,4,4,1:1:1 (single-copy),1,1,1,0,1,0
OG0000172,Mammal-shared,3,4,Small (≤2),1,1,2,0,0,0
OG0000173,Vertebrate-shared,4,4,1:1:1 (single-copy),1,1,1,1,0,0
OG0000174,Mammal-shared,4,4,1:1:1 (single-copy),1,1,1,0,1,0
OG0000175,Vertebrate-shared,4,4,1:1:1 (single-copy),1,1,1,1,0,0
OG0000176,Vertebrate-shared,4,4,1:1:1 (single-copy),1,1,1,1,0,0
OG0000177,Vertebrate-shared,4,4,1:1:1 (single-copy),1,1,1,1,0,0
OG0000178,Vertebrate-shared,4,4,1:1:1 (single-copy),1,1,1,1,0,0
OG0000179,Vertebrate-shared,4,4,1:1:1 (single-copy),1,1,1,1,0,0
OG0000180,Vertebrate-shared,4,4,1:1:1 (single-copy),1,1,1,1,0,0
OG0000181,Mammal-shared,4,4,1:1:1 (single-copy),1,1,1,0,1,0
OG0000182,Vertebrate-shared,4,4,1:1:1 (single-copy),1,1,1,1,0,0
OG0000183,Vertebrate-shared,4,4,1:1:1 (single-copy),1,1,1,1,0,0
OG0000184,Vertebrate-shared,4,4,1:1:1 (single-copy),1,1,1,1,0,0
OG0000185,Vertebrate-shared,4,4,1:1:1 (single-copy),1,1,1,1,0,0
OG0000186,Vertebrate-shared,4,4,1:1:1 (single-copy),1,1,1,1,0,0
OG0000187,Vertebrate-shared,4,4,1:1:1 (single-copy),1,1,1,1,0,0
OG0000188,Vertebrate-shared,4,4,1:1:1 (single-copy),1,1,1,1,0,0
OG0000189,Mammal-shared,4,4,1:1:1 (single-copy),1,1,0,1,1,0
OG0000190,Mammal-shared,3,4,Small (≤2),2,1,0,0,1,0
OG0000191,Mammal-shared,4,4,1:1:1 (single-copy),1,1,0,1,1,0
OG0000192,Mammal-shared,4,4,1:1:1 (single-copy),1,1,0,1,1,0
OG0000193,Mammal-shared,4,4,1:1:1 (single-copy),1,1,0,1,1,0
OG0000194,Mammal-shared,4,4,1:1:1 (single-copy),1,1,0,1,1,0
OG0000195,Mammal-shared,2,4,Small (≤2),2,2,0,0,0,0
OG0000196,Mammal-shared,2,4,Small (≤2),2,2,0,0,0,0
OG0000197,Mammal-shared,2,4,Small (≤2),2,2,0,0,0,0
OG0000198,Mammal-shared,2,4,Small (≤2),2,2,0,0,0,0
OG0000199,Mammal-shared,2,4,Small (≤2),2,2,0,0,0,0
OG0000200,Mammal-shared,2,4,Small (≤2),2,2,0,0,0,0
OG0000201,Mammal-shared,2,4,Small (≤2),2,2,0,0,0,0
OG0000202,Mammal-shared,2,4,Small (≤2),2,2,0,0,0,0
OG0000203,Mammal-shared,2,4,Small (≤2),2,2,0,0,0,0
OG0000204,Mammal-shared,3,4,Small (≤2),1,2,0,1,0,0
OG0000205,Mammal-shared,2,4,Small (≤2),2,2,0,0,0,0
OG0000206,Mammal-shared,2,4,Small (≤2),2,2,0,0,0,0
OG0000207,Mammal-shared,2,4,Small (≤2),2,2,0,0,0,0
OG0000208,Mammal-shared,2,4,Small (≤2),2,2,0,0,0,0
OG0000209,Mammal-shared,2,4,Medium (3-5),1,3,0,0,0,0
OG0000210,Mammal-shared,2,4,Medium (3-5),1,3,0,0,0,0
OG0000211,Other,1,3,Medium (3-5),0,0,0,0,0,3
OG0000212,Mammal-shared,3,3,1:1:1 (single-copy),1,1,0,0,0,1
OG0000213,Mammal-shared,3,3,1:1:1 (single-copy),1,1,0,0,0,1
OG0000214,Mammal-shared,3,3,1:1:1 (single-copy),1,1,0,0,0,1
OG0000215,Mammal-shared,3,3,1:1:1 (single-copy),1,1,0,0,0,1
OG0000216,Other,1,3,Medium (3-5),0,0,0,0,0,3
OG0000217,Mammal-shared,3,3,1:1:1 (single-copy),1,1,0,0,0,1
OG0000218,Mammal-shared,3,3,1:1:1 (single-copy),1,1,0,0,0,1
OG0000219,Mammal-shared,3,3,1:1:1 (single-copy),1,1,0,0,0,1
OG0000220,Mammal-shared,3,3,1:1:1 (single-copy),1,1,0,0,0,1
OG0000221,Mammal-shared,3,3,1:1:1 (single-copy),1,1,0,0,0,1
OG0000222,Mammal-shared,3,3,1:1:1 (single-copy),1,1,0,0,0,1
OG0000223,Mammal-shared,3,3,1:1:1 (single-copy),1,1,0,0,0,1
OG0000224,Mammal-shared,3,3,1:1:1 (single-copy),1,1,0,0,0,1
OG0000225,Mammal-shared,3,3,1:1:1 (single-copy),1,1,0,0,0,1
OG0000226,Mammal-shared,3,3,1:1:1 (single-copy),1,1,0,0,0,1
OG0000227,Mammal-shared,3,3,1:1:1 (single-copy),1,1,0,0,0,1
OG0000228,Mammal-shared,3,3,1:1:1 (single-copy),1,1,0,0,0,1
OG0000229,Mammal-shared,3,3,1:1:1 (single-copy),1,1,0,0,0,1
OG0000230,Mammal-shared,3,3,1:1:1 (single-copy),1,1,0,0,0,1
OG0000231,Mammal-shared,3,3,1:1:1 (single-copy),1,1,0,0,0,1
OG0000232,Mammal-shared,3,3,1:1:1 (single-copy),1,1,0,0,0,1
OG0000233,Mammal-shared,3,3,1:1:1 (single-copy),1,1,0,0,0,1
OG0000234,Mammal-shared,3,3,1:1:1 (single-copy),1,1,1,0,0,0
OG0000235,Mammal-shared,3,3,1:1:1 (single-copy),1,1,1,0,0,0
OG0000236,Mammal-shared,3,3,1:1:1 (single-copy),1,1,1,0,0,0
OG0000237,Mammal-shared,3,3,1:1:1 (single-copy),1,1,1,0,0,0
OG0000238,Mammal-shared,3,3,1:1:1 (single-copy),1,1,1,0,0,0
OG0000239,Mammal-shared,3,3,1:1:1 (single-copy),1,1,1,0,0,0
OG0000240,Mammal-shared,3,3,1:1:1 (single-copy),1,1,1,0,0,0
OG0000241,Mammal-shared,3,3,1:1:1 (single-copy),1,1,1,0,0,0
OG0000242,Mammal-shared,3,3,1:1:1 (single-copy),1,1,1,0,0,0
OG0000243,Mammal-shared,3,3,1:1:1 (single-copy),1,1,1,0,0,0
OG0000244,Mammal-shared,3,3,1:1:1 (single-copy),1,1,1,0,0,0
OG0000245,Mammal-shared,3,3,1:1:1 (single-copy),1,1,1,0,0,0
OG0000246,Mammal-shared,3,3,1:1:1 (single-copy),1,1,1,0,0,0
OG0000247,Mammal-shared,3,3,1:1:1 (single-copy),1,1,1,0,0,0
OG0000248,Mammal-shared,3,3,1:1:1 (single-copy),1,1,1,0,0,0
OG0000249,Mammal-shared,3,3,1:1:1 (single-copy),1,1,1,0,0,0
OG0000250,Mammal-shared,3,3,1:1:1 (single-copy),1,1,1,0,0,0
OG0000251,Mammal-shared,3,3,1:1:1 (single-copy),1,1,1,0,0,0
OG0000252,Mammal-shared,3,3,1:1:1 (single-copy),1,1,1,0,0,0
OG0000253,Mammal-shared,3,3,1:1:1 (single-copy),1,1,1,0,0,0
OG0000254,Mammal-shared,3,3,1:1:1 (single-copy),1,1,1,0,0,0
OG0000255,Mammal-shared,3,3,1:1:1 (single-copy),1,1,1,0,0,0
OG0000256,Mammal-shared,3,3,1:1:1 (single-copy),1,1,1,0,0,0
OG0000257,Mammal-shared,3,3,1:1:1 (single-copy),1,1,1,0,0,0
OG0000258,Mammal-shared,3,3,1:1:1 (single-copy),1,1,1,0,0,0
OG0000259,Mammal-shared,3,3,1:1:1 (single-copy),1,1,1,0,0,0
OG0000260,Mammal-shared,3,3,1:1:1 (single-copy),1,1,1,0,0,0
OG0000261,Mammal-shared,3,3,1:1:1 (single-copy),1,1,1,0,0,0
OG0000262,Mammal-shared,3,3,1:1:1 (single-copy),1,1,1,0,0,0
OG0000263,Mammal-shared,3,3,1:1:1 (single-copy),1,1,1,0,0,0
OG0000264,Mammal-shared,3,3,1:1:1 (single-copy),1,1,1,0,0,0
OG0000265,Mammal-shared,3,3,1:1:1 (single-copy),1,1,1,0,0,0
OG0000266,Mammal-shared,3,3,1:1:1 (single-copy),1,1,1,0,0,0
OG0000267,Mammal-shared,3,3,1:1:1 (single-copy),1,1,1,0,0,0
OG0000268,Mammal-shared,3,3,1:1:1 (single-copy),1,1,1,0,0,0
OG0000269,Mammal-shared,3,3,1:1:1 (single-copy),1,1,0,0,1,0
OG0000270,Mammal-shared,3,3,1:1:1 (single-copy),1,1,0,0,1,0
OG0000271,Mammal-shared,3,3,1:1:1 (single-copy),1,1,0,0,1,0
OG0000272,Mammal-shared,3,3,1:1:1 (single-copy),1,1,0,0,1,0
OG0000273,Mammal-shared,3,3,1:1:1 (single-copy),1,1,0,0,1,0
OG0000274,Mammal-shared,3,3,1:1:1 (single-copy),1,1,0,0,1,0
OG0000275,Mammal-shared,3,3,1:1:1 (single-copy),1,1,0,0,1,0
OG0000276,Mammal-shared,3,3,1:1:1 (single-copy),1,1,0,0,1,0
OG0000277,Mammal-shared,3,3,1:1:1 (single-copy),1,1,0,0,1,0
OG0000278,Mammal-shared,3,3,1:1:1 (single-copy),1,1,0,0,1,0
OG0000279,Mammal-shared,3,3,1:1:1 (single-copy),1,1,0,0,1,0
OG0000280,Mammal-shared,3,3,1:1:1 (single-copy),1,1,0,0,1,0
OG0000281,Mammal-shared,3,3,1:1:1 (single-copy),1,1,0,0,1,0
OG0000282,Mammal-shared,3,3,1:1:1 (single-copy),1,1,0,0,1,0
OG0000283,Mammal-shared,3,3,1:1:1 (single-copy),1,1,0,0,1,0
OG0000284,Mammal-shared,3,3,1:1:1 (single-copy),1,1,0,0,1,0
OG0000285,Mammal-shared,3,3,1:1:1 (single-copy),1,1,0,0,1,0
OG0000286,Mammal-shared,3,3,1:1:1 (single-copy),1,1,0,0,1,0
OG0000287,Mammal-shared,3,3,1:1:1 (single-copy),1,1,0,0,1,0
OG0000288,Mammal-shared,3,3,1:1:1 (single-copy),1,1,0,0,1,0
OG0000289,Mammal-shared,3,3,1:1:1 (single-copy),1,1,0,0,1,0
OG0000290,Mammal-shared,3,3,1:1:1 (single-copy),1,1,0,0,1,0
OG0000291,Mammal-shared,3,3,1:1:1 (single-copy),1,1,0,0,1,0
OG0000292,Mammal-shared,2,3,Small (≤2),1,2,0,0,0,0
OG0000293,Mammal-shared,2,3,Small (≤2),2,1,0,0,0,0
OG0000294,Mammal-shared,2,3,Small (≤2),2,1,0,0,0,0
OG0000295,Mammal-shared,2,3,Small (≤2),2,1,0,0,0,0
OG0000296,Mammal-shared,3,3,1:1:1 (single-copy),1,1,0,1,0,0
OG0000297,Mammal-shared,3,3,1:1:1 (single-copy),1,1,0,1,0,0
OG0000298,Mammal-shared,3,3,1:1:1 (single-copy),1,1,0,1,0,0
OG0000299,Mammal-shared,2,3,Small (≤2),2,1,0,0,0,0
OG0000300,Mammal-shared,2,3,Small (≤2),1,2,0,0,0,0
OG0000301,Mammal-shared,3,3,1:1:1 (single-copy),1,1,0,1,0,0
OG0000302,Mammal-shared,2,3,Small (≤2),2,1,0,0,0,0
OG0000303,Mammal-shared,3,3,1:1:1 (single-copy),1,1,0,1,0,0
OG0000304,Mammal-shared,2,3,Small (≤2),1,2,0,0,0,0
OG0000305,Mammal-shared,3,3,1:1:1 (single-copy),1,1,0,1,0,0
OG0000306,Mammal-shared,3,3,1:1:1 (single-copy),1,1,0,1,0,0
OG0000307,Mammal-shared,2,3,Small (≤2),2,1,0,0,0,0
OG0000308,Mammal-shared,3,3,1:1:1 (single-copy),1,1,0,1,0,0
OG0000309,Mammal-shared,2,3,Small (≤2),2,1,0,0,0,0
OG0000310,Mammal-shared,3,3,1:1:1 (single-copy),1,1,0,1,0,0
OG0000311,Mammal-shared,2,3,Small (≤2),1,2,0,0,0,0
OG0000312,Mammal-shared,2,3,Small (≤2),1,2,0,0,0,0
OG0000313,Other,1,2,Small (≤2),0,0,0,0,0,2
OG0000314,Other,2,2,1:1:1 (single-copy),0,1,0,0,0,1
OG0000315,Other,2,2,1:1:1 (single-copy),0,0,0,0,1,1
OG0000316,Other,2,2,1:1:1 (single-copy),0,0,0,0,1,1
OG0000317,Other,2,2,1:1:1 (single-copy),1,0,0,0,0,1
OG0000318,Other,2,2,1:1:1 (single-copy),1,0,0,0,0,1
OG0000319,Other,1,2,Small (≤2),0,0,0,0,2,0
OG0000320,Other,2,2,1:1:1 (single-copy),0,0,0,1,1,0
OG0000321,Other,1,2,Small (≤2),0,0,0,0,2,0
OG0000322,Other,1,2,Small (≤2),0,0,0,0,2,0
OG0000323,Mammal-shared,2,2,1:1:1 (single-copy),1,1,0,0,0,0
OG0000324,Mammal-shared,2,2,1:1:1 (single-copy),1,1,0,0,0,0
OG0000325,Mammal-shared,2,2,1:1:1 (single-copy),1,1,0,0,0,0
OG0000326,Mammal-shared,2,2,1:1:1 (single-copy),1,1,0,0,0,0
OG0000327,Mammal-shared,2,2,1:1:1 (single-copy),1,1,0,0,0,0
OG0000328,Mammal-shared,2,2,1:1:1 (single-copy),1,1,0,0,0,0
OG0000329,Mammal-shared,2,2,1:1:1 (single-copy),1,1,0,0,0,0
OG0000330,Mammal-shared,2,2,1:1:1 (single-copy),1,1,0,0,0,0
OG0000331,Mammal-shared,2,2,1:1:1 (single-copy),1,1,0,0,0,0
OG0000332,Mammal-shared,2,2,1:1:1 (single-copy),1,1,0,0,0,0
OG0000333,Mammal-shared,2,2,1:1:1 (single-copy),1,1,0,0,0,0
OG0000334,Mammal-shared,2,2,1:1:1 (single-copy),1,1,0,0,0,0
OG0000335,Mammal-shared,2,2,1:1:1 (single-copy),1,1,0,0,0,0
OG0000336,Mammal-shared,2,2,1:1:1 (single-copy),1,1,0,0,0,0
OG0000337,Mammal-shared,2,2,1:1:1 (single-copy),1,1,0,0,0,0
OG0000338,Mammal-shared,2,2,1:1:1 (single-copy),1,1,0,0,0,0
OG0000339,Mammal-shared,2,2,1:1:1 (single-copy),1,1,0,0,0,0
OG0000340,Mammal-shared,2,2,1:1:1 (single-copy),1,1,0,0,0,0
OG0000341,Mammal-shared,2,2,1:1:1 (single-copy),1,1,0,0,0,0
OG0000342,Mammal-shared,2,2,1:1:1 (single-copy),1,1,0,0,0,0
OG0000343,Mammal-shared,2,2,1:1:1 (single-copy),1,1,0,0,0,0
OG0000344,Mammal-shared,2,2,1:1:1 (single-copy),1,1,0,0,0,0
OG0000345,Mammal-shared,2,2,1:1:1 (single-copy),1,1,0,0,0,0
OG0000346,Mammal-shared,2,2,1:1:1 (single-copy),1,1,0,0,0,0
OG0000347,Mammal-shared,2,2,1:1:1 (single-copy),1,1,0,0,0,0
OG0000348,Mammal-shared,2,2,1:1:1 (single-copy),1,1,0,0,0,0
OG0000349,Mammal-shared,2,2,1:1:1 (single-copy),1,1,0,0,0,0
OG0000350,Mammal-shared,2,2,1:1:1 (single-copy),1,1,0,0,0,0
OG0000351,Mammal-shared,2,2,1:1:1 (single-copy),1,1,0,0,0,0
OG0000352,Mammal-shared,2,2,1:1:1 (single-copy),1,1,0,0,0,0
OG0000353,Mammal-shared,2,2,1:1:1 (single-copy),1,1,0,0,0,0
OG0000354,Mammal-shared,2,2,1:1:1 (single-copy),1,1,0,0,0,0
OG0000355,Mammal-shared,2,2,1:1:1 (single-copy),1,1,0,0,0,0
OG0000356,Mammal-shared,2,2,1:1:1 (single-copy),1,1,0,0,0,0
OG0000357,Mammal-shared,2,2,1:1:1 (single-copy),1,1,0,0,0,0
OG0000358,Mammal-shared,2,2,1:1:1 (single-copy),1,1,0,0,0,0
OG0000359,Mammal-shared,2,2,1:1:1 (single-copy),1,1,0,0,0,0
OG0000360,Mammal-shared,2,2,1:1:1 (single-copy),1,1,0,0,0,0
OG0000361,Mammal-shared,2,2,1:1:1 (single-copy),1,1,0,0,0,0
OG0000362,Mammal-shared,2,2,1:1:1 (single-copy),1,1,0,0,0,0
OG0000363,Mammal-shared,2,2,1:1:1 (single-copy),1,1,0,0,0,0
OG0000364,Mammal-shared,2,2,1:1:1 (single-copy),1,1,0,0,0,0
OG0000365,Mammal-shared,2,2,1:1:1 (single-copy),1,1,0,0,0,0
OG0000366,Mammal-shared,2,2,1:1:1 (single-copy),1,1,0,0,0,0
OG0000367,Mammal-shared,2,2,1:1:1 (single-copy),1,1,0,0,0,0
OG0000368,Mammal-shared,2,2,1:1:1 (single-copy),1,1,0,0,0,0
OG0000369,Mammal-shared,2,2,1:1:1 (single-copy),1,1,0,0,0,0
OG0000370,Mammal-shared,2,2,1:1:1 (single-copy),1,1,0,0,0,0
OG0000371,Mammal-shared,2,2,1:1:1 (single-copy),1,1,0,0,0,0
OG0000372,Mammal-shared,2,2,1:1:1 (single-copy),1,1,0,0,0,0
OG0000373,Mammal-shared,2,2,1:1:1 (single-copy),1,1,0,0,0,0
OG0000374,Mammal-shared,2,2,1:1:1 (single-copy),1,1,0,0,0,0
OG0000375,Mammal-shared,2,2,1:1:1 (single-copy),1,1,0,0,0,0
OG0000376,Mammal-shared,2,2,1:1:1 (single-copy),1,1,0,0,0,0
OG0000377,Mammal-shared,2,2,1:1:1 (single-copy),1,1,0,0,0,0
OG0000378,Mammal-shared,2,2,1:1:1 (single-copy),1,1,0,0,0,0
OG0000379,Mammal-shared,2,2,1:1:1 (single-copy),1,1,0,0,0,0
OG0000380,Mammal-shared,2,2,1:1:1 (single-copy),1,1,0,0,0,0
OG0000381,Mammal-shared,2,2,1:1:1 (single-copy),1,1,0,0,0,0
OG0000382,Mammal-shared,2,2,1:1:1 (single-copy),1,1,0,0,0,0
OG0000383,Mammal-shared,2,2,1:1:1 (single-copy),1,1,0,0,0,0
OG0000384,Mammal-shared,2,2,1:1:1 (single-copy),1,1,0,0,0,0
OG0000385,Mammal-shared,2,2,1:1:1 (single-copy),1,1,0,0,0,0
OG0000386,Mammal-shared,2,2,1:1:1 (single-copy),1,1,0,0,0,0
OG0000387,Mammal-shared,2,2,1:1:1 (single-copy),1,1,0,0,0,0
OG0000388,Mammal-shared,2,2,1:1:1 (single-copy),1,1,0,0,0,0
OG0000389,Mammal-shared,2,2,1:1:1 (single-copy),1,1,0,0,0,0
OG0000390,Mammal-shared,2,2,1:1:1 (single-copy),1,1,0,0,0,0
OG0000391,Mammal-shared,2,2,1:1:1 (single-copy),1,1,0,0,0,0
OG0000392,Mammal-shared,2,2,1:1:1 (single-copy),1,1,0,0,0,0
OG0000393,Mammal-shared,2,2,1:1:1 (single-copy),1,1,0,0,0,0
OG0000394,Mammal-shared,2,2,1:1:1 (single-copy),1,1,0,0,0,0
OG0000395,Mammal-shared,2,2,1:1:1 (single-copy),1,1,0,0,0,0
OG0000396,Mammal-shared,2,2,1:1:1 (single-copy),1,1,0,0,0,0
OG0000397,Mammal-shared,2,2,1:1:1 (single-copy),1,1,0,0,0,0
OG0000398,Mammal-shared,2,2,1:1:1 (single-copy),1,1,0,0,0,0
OG0000399,Mammal-shared,2,2,1:1:1 (single-copy),1,1,0,0,0,0
OG0000400,Mammal-shared,2,2,1:1:1 (single-copy),1,1,0,0,0,0
OG0000401,Mammal-shared,2,2,1:1:1 (single-copy),1,1,0,0,0,0
OG0000402,Mammal-shared,2,2,1:1:1 (single-copy),1,1,0,0,0,0
OG0000403,Mammal-shared,2,2,1:1:1 (single-copy),1,1,0,0,0,0
OG0000404,Mammal-shared,2,2,1:1:1 (single-copy),1,1,0,0,0,0
OG0000405,Mammal-shared,2,2,1:1:1 (single-copy),1,1,0,0,0,0
OG0000406,Mammal-shared,2,2,1:1:1 (single-copy),1,1,0,0,0,0
OG0000407,Mammal-shared,2,2,1:1:1 (single-copy),1,1,0,0,0,0
OG0000408,Mammal-shared,2,2,1:1:1 (single-copy),1,1,0,0,0,0
OG0000409,Mammal-shared,2,2,1:1:1 (single-copy),1,1,0,0,0,0
OG0000410,Mammal-shared,2,2,1:1:1 (single-copy),1,1,0,0,0,0
OG0000411,Mammal-shared,2,2,1:1:1 (single-copy),1,1,0,0,0,0
OG0000412,Mammal-shared,2,2,1:1:1 (single-copy),1,1,0,0,0,0
OG0000413,Human-only,1,2,Small (≤2),2,0,0,0,0,0
OG0000414,Mammal-shared,2,2,1:1:1 (single-copy),1,1,0,0,0,0
OG0000415,Mammal-shared,2,2,1:1:1 (single-copy),1,1,0,0,0,0
OG0000416,Mammal-shared,2,2,1:1:1 (single-copy),1,1,0,0,0,0
OG0000417,Mammal-shared,2,2,1:1:1 (single-copy),1,1,0,0,0,0
OG0000418,Mammal-shared,2,2,1:1:1 (single-copy),1,1,0,0,0,0
OG0000419,Mammal-shared,2,2,1:1:1 (single-copy),1,1,0,0,0,0
OG0000420,Human-only,1,2,Small (≤2),2,0,0,0,0,0
OG0000421,Mammal-shared,2,2,1:1:1 (single-copy),1,1,0,0,0,0
OG0000422,Mammal-shared,2,2,1:1:1 (single-copy),1,1,0,0,0,0
OG0000423,Mammal-shared,2,2,1:1:1 (single-copy),1,1,0,0,0,0
OG0000424,Mammal-shared,2,2,1:1:1 (single-copy),1,1,0,0,0,0
OG0000425,Mammal-shared,2,2,1:1:1 (single-copy),1,1,0,0,0,0
OG0000426,Mammal-shared,2,2,1:1:1 (single-copy),1,1,0,0,0,0
OG0000427,Mammal-shared,2,2,1:1:1 (single-copy),1,1,0,0,0,0
OG0000428,Mammal-shared,2,2,1:1:1 (single-copy),1,1,0,0,0,0
OG0000429,Mammal-shared,2,2,1:1:1 (single-copy),1,1,0,0,0,0
OG0000430,Mammal-shared,2,2,1:1:1 (single-copy),1,1,0,0,0,0
OG0000431,Mammal-shared,2,2,1:1:1 (single-copy),1,1,0,0,0,0
OG0000432,Mammal-shared,2,2,1:1:1 (single-copy),1,1,0,0,0,0
OG0000433,Mammal-shared,2,2,1:1:1 (single-copy),1,1,0,0,0,0
OG0000434,Mammal-shared,2,2,1:1:1 (single-copy),1,1,0,0,0,0
OG0000435,Mammal-shared,2,2,1:1:1 (single-copy),1,1,0,0,0,0
OG0000436,Mammal-shared,2,2,1:1:1 (single-copy),1,1,0,0,0,0
OG0000437,Mammal-shared,2,2,1:1:1 (single-copy),1,1,0,0,0,0
OG0000438,Mammal-shared,2,2,1:1:1 (single-copy),1,1,0,0,0,0
OG0000439,Mammal-shared,2,2,1:1:1 (single-copy),1,1,0,0,0,0
OG0000440,Mammal-shared,2,2,1:1:1 (single-copy),1,1,0,0,0,0
OG0000441,Mammal-shared,2,2,1:1:1 (single-copy),1,1,0,0,0,0
OG0000442,Mammal-shared,2,2,1:1:1 (single-copy),1,1,0,0,0,0
OG0000443,Mammal-shared,2,2,1:1:1 (single-copy),1,1,0,0,0,0
OG0000444,Mammal-shared,2,2,1:1:1 (single-copy),1,1,0,0,0,0
OG0000445,Mammal-shared,2,2,1:1:1 (single-copy),1,1,0,0,0,0
OG0000446,Mammal-shared,2,2,1:1:1 (single-copy),1,1,0,0,0,0
OG0000447,Mammal-shared,2,2,1:1:1 (single-copy),1,1,0,0,0,0
OG0000448,Mammal-shared,2,2,1:1:1 (single-copy),1,1,0,0,0,0
OG0000449,Mammal-shared,2,2,1:1:1 (single-copy),1,1,0,0,0,0
OG0000450,Mammal-shared,2,2,1:1:1 (single-copy),1,1,0,0,0,0
OG0000451,Mammal-shared,2,2,1:1:1 (single-copy),1,1,0,0,0,0
OG0000452,Mammal-shared,2,2,1:1:1 (single-copy),1,1,0,0,0,0
OG0000453,Mammal-shared,2,2,1:1:1 (single-copy),1,1,0,0,0,0
OG0000454,Mammal-shared,2,2,1:1:1 (single-copy),1,1,0,0,0,0
OG0000455,Mammal-shared,2,2,1:1:1 (single-copy),1,1,0,0,0,0
OG0000456,Mammal-shared,2,2,1:1:1 (single-copy),1,1,0,0,0,0
OG0000457,Mammal-shared,2,2,1:1:1 (single-copy),1,1,0,0,0,0
OG0000458,Mammal-shared,2,2,1:1:1 (single-copy),1,1,0,0,0,0
OG0000459,Mammal-shared,2,2,1:1:1 (single-copy),1,1,0,0,0,0
OG0000460,Mammal-shared,2,2,1:1:1 (single-copy),1,1,0,0,0,0
OG0000461,Mammal-shared,2,2,1:1:1 (single-copy),1,1,0,0,0,0
OG0000462,Mammal-shared,2,2,1:1:1 (single-copy),1,1,0,0,0,0
OG0000463,Mammal-shared,2,2,1:1:1 (single-copy),1,1,0,0,0,0
OG0000464,Mammal-shared,2,2,1:1:1 (single-copy),1,1,0,0,0,0
OG0000465,Mammal-shared,2,2,1:1:1 (single-copy),1,1,0,0,0,0
OG0000466,Mammal-shared,2,2,1:1:1 (single-copy),1,1,0,0,0,0
OG0000467,Mammal-shared,2,2,1:1:1 (single-copy),1,1,0,0,0,0
OG0000468,Mammal-shared,2,2,1:1:1 (single-copy),1,1,0,0,0,0
OG0000469,Mammal-shared,2,2,1:1:1 (single-copy),1,1,0,0,0,0
OG0000470,Mammal-shared,2,2,1:1:1 (single-copy),1,1,0,0,0,0
OG0000471,Mammal-shared,2,2,1:1:1 (single-copy),1,1,0,0,0,0
OG0000472,Mammal-shared,2,2,1:1:1 (single-copy),1,1,0,0,0,0
OG0000473,Mammal-shared,2,2,1:1:1 (single-copy),1,1,0,0,0,0
OG0000474,Mammal-shared,2,2,1:1:1 (single-copy),1,1,0,0,0,0
OG0000475,Mammal-shared,2,2,1:1:1 (single-copy),1,1,0,0,0,0
OG0000476,Mammal-shared,2,2,1:1:1 (single-copy),1,1,0,0,0,0
OG0000477,Mammal-shared,2,2,1:1:1 (single-copy),1,1,0,0,0,0
OG0000478,Mammal-shared,2,2,1:1:1 (single-copy),1,1,0,0,0,0
OG0000479,Mammal-shared,2,2,1:1:1 (single-copy),1,1,0,0,0,0
OG0000480,Mammal-shared,2,2,1:1:1 (single-copy),1,1,0,0,0,0
OG0000481,Mammal-shared,2,2,1:1:1 (single-copy),1,1,0,0,0,0
OG0000482,Mammal-shared,2,2,1:1:1 (single-copy),1,1,0,0,0,0
OG0000483,Mammal-shared,2,2,1:1:1 (single-copy),1,1,0,0,0,0
OG0000484,Mammal-shared,2,2,1:1:1 (single-copy),1,1,0,0,0,0
OG0000485,Mammal-shared,2,2,1:1:1 (single-copy),1,1,0,0,0,0
OG0000486,Mammal-shared,2,2,1:1:1 (single-copy),1,1,0,0,0,0
OG0000487,Mammal-shared,2,2,1:1:1 (single-copy),1,1,0,0,0,0
OG0000488,Mammal-shared,2,2,1:1:1 (single-copy),1,1,0,0,0,0
OG0000489,Mammal-shared,2,2,1:1:1 (single-copy),1,1,0,0,0,0
OG0000490,Mammal-shared,2,2,1:1:1 (single-copy),1,1,0,0,0,0
OG0000491,Mammal-shared,2,2,1:1:1 (single-copy),1,1,0,0,0,0
OG0000492,Mammal-shared,2,2,1:1:1 (single-copy),1,1,0,0,0,0
OG0000493,Mammal-shared,2,2,1:1:1 (single-copy),1,1,0,0,0,0
OG0000494,Mammal-shared,2,2,1:1:1 (single-copy),1,1,0,0,0,0
OG0000495,Mammal-shared,2,2,1:1:1 (single-copy),1,1,0,0,0,0
OG0000496,Mammal-shared,2,2,1:1:1 (single-copy),1,1,0,0,0,0
OG0000497,Mammal-shared,2,2,1:1:1 (single-copy),1,1,0,0,0,0
OG0000498,Mammal-shared,2,2,1:1:1 (single-copy),1,1,0,0,0,0
OG0000499,Mammal-shared,2,2,1:1:1 (single-copy),1,1,0,0,0,0
OG0000500,Mammal-shared,2,2,1:1:1 (single-copy),1,1,0,0,0,0
OG0000501,Mammal-shared,2,2,1:1:1 (single-copy),1,1,0,0,0,0
OG0000502,Mammal-shared,2,2,1:1:1 (single-copy),1,1,0,0,0,0
OG0000503,Mammal-shared,2,2,1:1:1 (single-copy),1,1,0,0,0,0
OG0000504,Mammal-shared,2,2,1:1:1 (single-copy),1,1,0,0,0,0
OG0000505,Mammal-shared,2,2,1:1:1 (single-copy),1,1,0,0,0,0
OG0000506,Mammal-shared,2,2,1:1:1 (single-copy),1,1,0,0,0,0
OG0000507,Mammal-shared,2,2,1:1:1 (single-copy),1,1,0,0,0,0
OG0000508,Mammal-shared,2,2,1:1:1 (single-copy),1,1,0,0,0,0
OG0000509,Mammal-shared,2,2,1:1:1 (single-copy),1,1,0,0,0,0
OG0000510,Mammal-shared,2,2,1:1:1 (single-copy),1,1,0,0,0,0
OG0000511,Mammal-shared,2,2,1:1:1 (single-copy),1,1,0,0,0,0
OG0000512,Mammal-shared,2,2,1:1:1 (single-copy),1,1,0,0,0,0
OG0000513,Mammal-shared,2,2,1:1:1 (single-copy),1,1,0,0,0,0
OG0000514,Mammal-shared,2,2,1:1:1 (single-copy),1,1,0,0,0,0
OG0000515,Mammal-shared,2,2,1:1:1 (single-copy),1,1,0,0,0,0
OG0000516,Mammal-shared,2,2,1:1:1 (single-copy),1,1,0,0,0,0
OG0000517,Mammal-shared,2,2,1:1:1 (single-copy),1,1,0,0,0,0
OG0000518,Mammal-shared,2,2,1:1:1 (single-copy),1,1,0,0,0,0
OG0000519,Mammal-shared,2,2,1:1:1 (single-copy),1,1,0,0,0,0
OG0000520,Mammal-shared,2,2,1:1:1 (single-copy),1,1,0,0,0,0
OG0000521,Mammal-shared,2,2,1:1:1 (single-copy),1,1,0,0,0,0
OG0000522,Mammal-shared,2,2,1:1:1 (single-copy),1,1,0,0,0,0
OG0000523,Mammal-shared,2,2,1:1:1 (single-copy),1,1,0,0,0,0
OG0000524,Mammal-shared,2,2,1:1:1 (single-copy),1,1,0,0,0,0
OG0000525,Mammal-shared,2,2,1:1:1 (single-copy),1,1,0,0,0,0
OG0000526,Other,1,2,Small (≤2),0,2,0,0,0,0
